#parameter	value	run
D	0.002	0
beta	0.12	0
alpha	0.0	0
Nh	10000000000	0
M	5	0
cutoff	0.0020000000000000005	0
D	0.002	1
beta	0.12	1
alpha	0.0	1
Nh	10000000000	1
M	5	1
cutoff	1.0	1
D	0.002	2
beta	0.12	2
alpha	0.0	2
Nh	10000000000	2
M	5	2
cutoff	499.99999999999994	2
